[{
  "_id": {
    "$oid": "65798ae4f2706deb10a0fc75"
  },
  "id": 16,
  "title": "Scuba Tank",
  "header_image": "images/Scuba_tank_GRjCgQE.jpg",
  "title_tag": "Tank",
  "body": "Scuba Tank \r\nSizes: 80cf , 100cf , 133cd",
  "price": 3.99
},
{
  "_id": {
    "$oid": "65798c07f2706deb10a0fc76"
  },
  "id": 17,
  "title": "Scuba Mask",
  "header_image": "images/ScubaMask.jpg",
  "title_tag": "Mask",
  "body": "Scuba Mask\r\nColors: Black / Yellow / Blue / Pink / Clear",
  "price": 0.2
},
{
  "_id": {
    "$oid": "65798cd2f2706deb10a0fc77"
  },
  "id": 18,
  "title": "Zeagle Stilletto Scuba BCD",
  "header_image": "images/Zeagle-Stiletto-front_HIZfPi2.jpg",
  "title_tag": "ZeagleBCD",
  "body": "The BCD (Buoyancy Compensator Device) is primary component of the underwater life support system\r\n\r\nSizes:\r\nXS\r\nS\r\nM\r\nL\r\nXL\r\n2XL\r\n\r\nGender: Male / Female",
  "price": 20.99
},
{
  "_id": {
    "$oid": "657993c5f2706deb10a0fc78"
  },
  "id": 19,
  "title": "ScubaPro Hydros Pro BCD",
  "header_image": "images/sp_hydros_pro1000-1.jpg",
  "title_tag": "ScubaProBCD",
  "body": "The BCD (Buoyancy Compensator Device) is primary component of the underwater life support system\r\n\r\nSizes:\r\nXS\r\nS\r\nM\r\nL\r\nXL\r\n2XL\r\n\r\nGender: Male/Female",
  "price": 69.99
},
{
  "_id": {
    "$oid": "6579961cf2706deb10a0fc79"
  },
  "id": 20,
  "title": "Garmin Descent Mk2i",
  "header_image": "images/garminmk2i.jpg",
  "title_tag": "GarminDC",
  "body": "Diving Computers allows you to keep track of the depth and the time you spent underwater. Also it calculates your no-deco limit.",
  "price": 10.99
},
{
  "_id": {
    "$oid": "6579980ef2706deb10a0fc7a"
  },
  "id": 21,
  "title": "SEAC Driver",
  "header_image": "images/SeacDriver.jpg",
  "title_tag": "SEACDC",
  "body": "Diving Computers allows you to keep track of the depth and the time you spent underwater. Also it calculates your no-deco limit.",
  "price": 2.99
},
{
  "_id": {
    "$oid": "65799b63f2706deb10a0fc7b"
  },
  "id": 22,
  "title": "Aqualung Titan Scuba Regulator",
  "header_image": "images/aqualungtitan.jpg",
  "title_tag": "Aqualung SR",
  "body": "The regulator is one of the main components of the diving gear to link your main scuba gears together such as:\r\n\r\n- BCD\r\n- Scuba Tank \r\n- The Pressure Gauge\r\n- The Safe Second Air Source",
  "price": 4.99
},
{
  "_id": {
    "$oid": "65799bd9f2706deb10a0fc7c"
  },
  "id": 23,
  "title": "ScubaPro MK11/C370 Regulator",
  "header_image": "images/scubapromk11.jpg",
  "title_tag": "ScubaPro regulator",
  "body": "The regulator is one of the main components of the diving gear to link your main scuba gears together such as:\r\n\r\n- BCD\r\n- Scuba Tank\r\n- The Pressure Gauge\r\n- The Safe Second Air Source",
  "price": 3.99
},
{
  "_id": {
    "$oid": "65799f73f2706deb10a0fc7d"
  },
  "id": 24,
  "title": "ScubaPro Go Sport Dive Fins",
  "header_image": "images/scubapro_go_sport.jpg",
  "title_tag": "ScubaPro DF",
  "body": "Scuba Diving Fins is one of the main components in the diving gear to help thrust and maneuver under water.\r\n\r\nSizes:\r\nXS\r\nS\r\nM\r\nL\r\nXL\r\n\r\nColors:\r\nBlack / White / Aqua / Blue / Pink / Yellow",
  "price": 2.99
},
{
  "_id": {
    "$oid": "6579a0d7f2706deb10a0fc7e"
  },
  "id": 25,
  "title": "Cressi Frog Plus Dive Fins",
  "header_image": "images/cressi-frog-plus-dive-fins.jpg",
  "title_tag": "Cressi DF",
  "body": "Scuba Diving Fins is one of the main components in the diving gear to help thrust and maneuver under water.\r\n\r\nSizes:\r\nXS\r\nS\r\nM\r\nL\r\nXL\r\n\r\nColors:\r\nBlack / White / Silver / Blue / Pink / Yellow",
  "price": 1.99
},
{
  "_id": {
    "$oid": "657dec31e2ec28a70d38f161"
  },
  "id": 38,
  "title": "ScubaPro WetSuit Male",
  "header_image": "images/wetsuitmale.jpg",
  "title_tag": "ScubaPro WS M",
  "body": "The WetSuit helps swimmer maintain the body heat as it provides a layer of insulation\r\n\r\nSizes:\r\nXS\r\nS\r\nM\r\nL\r\nXL\r\n2XL",
  "price": 1.99
},
{
  "_id": {
    "$oid": "657dec7be2ec28a70d38f162"
  },
  "id": 39,
  "title": "ScubaPro WetSuit Female",
  "header_image": "images/wetsuit.jpg",
  "title_tag": "ScubaPro WS F",
  "body": "The WetSuit helps swimmer maintain the body heat as it provides a layer of insulation\r\n\r\nSizes:\r\nXS\r\nS\r\nM\r\nL",
  "price": 1.99
}]