[{
  "_id": {
    "$oid": "657728d524e398d485e24f9c"
  },
  "id": 1,
  "title": "VX Deluxe",
  "header_image": "images/vx-deluxe.png",
  "title_tag": "VX Deluxe",
  "body": "A VERSATILE RIDE FULL OF FEATURES",
  "make": "Yamaha",
  "engineSize": "1049cc",
  "persons": 3,
  "weight": "683 LBS",
  "price": 15.99
},
{
  "_id": {
    "$oid": "65798501f2706deb10a0fc71"
  },
  "id": 3,
  "title": "EX Deluxe",
  "header_image": "images/ex-deluxe.jpg",
  "title_tag": "EX Deluxe",
  "body": "A Standard Module Capable of both water sports ( Jet-Ski - Diving )",
  "make": "Yamaha",
  "engineSize": "1049cc",
  "persons": 3,
  "weight": "600 LBS",
  "price": 13.99
},
{
  "_id": {
    "$oid": "65798623f2706deb10a0fc72"
  },
  "id": 4,
  "title": "SUPERJET",
  "header_image": "images/superjet.jpg",
  "title_tag": "SUPERJET",
  "body": "High performance standing Jet-Ski Capable of delivering high speeds",
  "make": "Yamaha",
  "engineSize": "1049cc",
  "persons": 1,
  "weight": "375 LBS",
  "price": 18.99
},
{
  "_id": {
    "$oid": "65798788f2706deb10a0fc73"
  },
  "id": 5,
  "title": "JET SKI ULTRA 160LX",
  "header_image": "images/JetSkiUltra160LX.jpg",
  "title_tag": "160LX",
  "body": "Three passengers Watercraft with a powerful engine with a functional storage space.",
  "make": "Kawasaki",
  "engineSize": "1498cc",
  "persons": 3,
  "weight": "987.8 LBS",
  "price": 20.99
},
{
  "_id": {
    "$oid": "65798a44f2706deb10a0fc74"
  },
  "id": 6,
  "title": "JET SKI SX-R 160",
  "header_image": "images/JETSKISXR160.jpg",
  "title_tag": "SX-R 160",
  "body": "Standing Performer Jet-Ski",
  "make": "Kawasaki",
  "engineSize": "1498cc",
  "persons": 1,
  "weight": "551.3 LBS",
  "price": 16.99
}]